iso_time,elapsed_s,gpu0_mem_used_mib,gpu0_util_pct,gpu_others_mem_mib,target_rss_mib,target_vmhwm_mib,host_load1,cpu_cores_busy
2026-08-12T09:30:09Z,0,0,0,0,NA,NA,5.25,NA
2026-08-12T09:30:19Z,11,0,0,0,NA,NA,4.52,NA
2026-08-12T09:30:30Z,21,0,0,0,NA,NA,3.82,NA
2026-08-12T09:30:40Z,32,0,0,0,NA,NA,3.31,NA
2026-08-12T09:30:50Z,42,425,0,850,5206,5254,2.80,NA
2026-08-12T09:31:00Z,52,7791,2,850,15587,15610,2.53,7.2
2026-08-12T09:31:11Z,62,7791,36,850,21103,21103,2.29,3.4
2026-08-12T09:31:21Z,73,7791,38,850,21108,21108,2.09,1.1
2026-08-12T09:31:31Z,83,7791,33,850,21108,21108,1.92,1.3
2026-08-12T09:31:41Z,93,7791,21,850,21108,21108,1.78,1.3
2026-08-12T09:31:51Z,103,8815,38,850,21108,21108,1.74,1.2
2026-08-12T09:32:02Z,113,8815,38,850,21108,21108,1.63,1.3
2026-08-12T09:32:12Z,124,8815,38,850,21108,21108,1.57,1.1
2026-08-12T09:32:22Z,134,8815,30,850,14705,21108,3.96,7.2
2026-08-12T09:32:32Z,144,8815,32,850,14705,21108,8.43,26.1
2026-08-12T09:32:43Z,154,8815,34,850,14705,21108,7.29,26.0
2026-08-12T09:32:53Z,165,8815,32,850,14705,21108,11.09,23.8
2026-08-12T09:33:03Z,175,8815,27,850,14705,21108,9.54,26.0
2026-08-12T09:33:13Z,185,8815,31,850,14705,21108,8.22,26.3
2026-08-12T09:33:23Z,195,8815,28,850,14705,21108,11.88,26.2
2026-08-12T09:33:34Z,205,8815,32,850,14705,21108,14.97,26.4
2026-08-12T09:33:44Z,216,8815,29,850,14705,21108,15.31,23.9
2026-08-12T09:33:54Z,226,8815,33,850,14705,21108,17.88,26.3
2026-08-12T09:34:04Z,236,8815,32,850,14705,21108,17.56,26.3
2026-08-12T09:34:15Z,246,8815,32,850,14705,21108,17.30,26.2
2026-08-12T09:34:25Z,257,8815,27,850,14705,21108,18.28,24.8
2026-08-12T09:34:35Z,267,8815,31,850,14705,21108,20.39,26.3
2026-08-12T09:34:46Z,277,8815,32,850,14705,21108,22.18,26.3
2026-08-12T09:34:56Z,288,8815,32,850,14717,21108,23.69,23.9
2026-08-12T09:35:06Z,298,8815,30,850,14718,21108,24.97,26.4
2026-08-12T09:35:16Z,308,8815,2,850,14718,21108,23.56,14.1
2026-08-12T09:35:27Z,318,8815,2,850,14718,21108,24.94,6.2
2026-08-12T09:35:37Z,329,8815,2,850,14718,21108,21.25,5.6
2026-08-12T09:35:47Z,339,8815,2,850,14718,21108,16.85,6.5
2026-08-12T09:35:57Z,349,8815,2,850,14718,21108,14.41,6.2
2026-08-12T09:36:07Z,359,8815,2,850,14718,21108,12.35,6.5
2026-08-12T09:36:18Z,370,8815,2,850,14718,21108,10.60,6.1
2026-08-12T09:36:28Z,380,8815,38,850,14718,21108,9.13,4.9
2026-08-12T09:36:38Z,390,8815,36,850,14718,21108,7.88,1.0
2026-08-12T09:36:49Z,400,9839,35,850,22183,22183,9.30,8.6
2026-08-12T09:36:59Z,411,9839,39,850,44212,44212,10.51,8.8
2026-08-12T09:37:09Z,421,9839,34,850,44258,44260,9.05,1.4
2026-08-12T09:37:19Z,431,9839,32,850,44259,44260,7.81,1.4
2026-08-12T09:37:30Z,441,9839,42,850,44258,44260,6.76,1.2
2026-08-12T09:37:40Z,452,9839,34,850,44259,44261,5.87,1.2
2026-08-12T09:37:50Z,462,9839,38,850,44260,44261,5.12,1.4
2026-08-12T09:38:00Z,472,9839,34,850,44260,44262,4.49,1.4
2026-08-12T09:38:10Z,482,9839,50,850,44260,44262,3.95,1.2
2026-08-12T09:38:21Z,492,9839,37,850,44261,44262,3.50,1.3
2026-08-12T09:38:31Z,503,9839,37,850,44261,44262,3.11,1.3
2026-08-12T09:38:41Z,513,9839,33,850,44261,44262,2.79,1.2
2026-08-12T09:38:51Z,523,9839,16,850,44264,44264,2.51,1.4
2026-08-12T09:39:02Z,533,9839,38,850,44262,44264,2.28,1.3
2026-08-12T09:39:12Z,544,9839,41,850,44263,44264,2.08,1.3
2026-08-12T09:39:22Z,554,9839,32,850,44263,44264,2.16,1.2
2026-08-12T09:39:32Z,564,9839,30,850,44263,44265,1.98,1.3
2026-08-12T09:39:42Z,574,9839,37,850,44264,44265,1.83,1.4
2026-08-12T09:39:53Z,584,9839,0,850,20215,44533,1.62,1.8
2026-08-12T09:40:03Z,595,9839,39,850,26553,44533,1.53,6.8
2026-08-12T09:40:13Z,605,9839,36,850,26555,44533,1.45,1.3
2026-08-12T09:40:23Z,615,9839,19,850,26555,44533,1.38,1.3
2026-08-12T09:40:34Z,625,9839,38,850,26555,44533,1.32,1.2
2026-08-12T09:40:44Z,636,9839,40,850,26555,44533,1.27,1.2
2026-08-12T09:40:54Z,646,9839,38,850,26555,44533,1.23,1.2
2026-08-12T09:41:04Z,656,9839,32,850,26555,44533,1.19,1.3
2026-08-12T09:41:14Z,666,9839,38,850,26555,44533,1.16,1.2
2026-08-12T09:41:25Z,676,9839,30,850,18840,44533,3.62,7.6
2026-08-12T09:41:35Z,687,9839,32,850,18840,44533,5.50,23.6
2026-08-12T09:41:45Z,697,9839,31,850,18841,44533,4.81,25.9
2026-08-12T09:41:55Z,707,9839,31,850,18842,44533,8.99,25.8
2026-08-12T09:42:06Z,717,9839,27,850,18843,44533,12.53,25.8
2026-08-12T09:42:16Z,728,9839,31,850,18843,44533,13.24,23.5
2026-08-12T09:42:26Z,738,9839,30,850,18846,44533,16.12,25.7
2026-08-12T09:42:36Z,748,9839,30,850,18846,44533,18.56,25.9
2026-08-12T09:42:47Z,758,9839,33,850,18847,44533,21.62,26.8
2026-08-12T09:42:58Z,769,9839,32,850,18851,44533,23.22,24.9
2026-08-12T09:43:08Z,780,9839,32,850,18850,44533,24.57,23.6
2026-08-12T09:43:18Z,790,9839,32,850,18851,44533,25.71,25.7
2026-08-12T09:43:28Z,800,9839,31,850,18852,44533,21.91,26.2
2026-08-12T09:43:39Z,810,9839,31,850,18854,44533,23.46,25.9
2026-08-12T09:43:49Z,821,9839,32,850,18857,44533,24.78,23.5
2026-08-12T09:43:59Z,831,9839,30,850,18858,44533,23.60,25.9
2026-08-12T09:44:09Z,841,9839,33,850,18857,44533,24.89,25.9
2026-08-12T09:44:20Z,851,9839,2,850,18858,44533,23.50,16.2
2026-08-12T09:44:30Z,862,9839,2,850,18858,44533,21.08,5.7
2026-08-12T09:44:40Z,872,9839,2,850,18858,44533,18.95,6.2
2026-08-12T09:44:50Z,882,9839,2,850,18858,44533,16.19,6.3
2026-08-12T09:45:00Z,892,9839,2,850,18858,44533,18.62,6.5
2026-08-12T09:45:11Z,902,9839,2,850,18858,44533,16.87,6.5
2026-08-12T09:45:21Z,913,9839,2,850,18858,44533,14.43,5.9
2026-08-12T09:45:31Z,923,9839,41,850,18956,44533,12.37,5.9
2026-08-12T09:45:41Z,933,9839,38,850,18956,44533,10.62,1.0
2026-08-12T09:45:52Z,943,9839,0,850,22403,44533,9.14,6.7
2026-08-12T09:46:02Z,954,9839,0,850,39563,44533,10.17,8.7
2026-08-12T09:46:12Z,964,9839,38,850,44869,44869,10.32,3.3
2026-08-12T09:46:22Z,974,9839,37,850,44868,44869,8.89,1.2
2026-08-12T09:46:33Z,984,9839,33,850,44868,44870,7.67,1.3
2026-08-12T09:46:43Z,995,9839,30,850,44868,44870,6.65,1.3
2026-08-12T09:46:53Z,1005,9839,26,850,44868,44870,5.78,1.2
2026-08-12T09:47:03Z,1015,9839,38,850,44868,44870,5.04,1.2
2026-08-12T09:47:14Z,1025,9839,29,850,44868,44870,4.42,1.4
2026-08-12T09:47:24Z,1036,9839,33,850,44868,44870,3.89,1.3
2026-08-12T09:47:34Z,1046,9839,40,850,44868,44870,3.45,1.2
2026-08-12T09:47:44Z,1056,9839,38,850,44868,44870,3.07,1.3
2026-08-12T09:47:54Z,1066,9839,35,850,44868,44870,2.75,1.4
2026-08-12T09:48:05Z,1076,9839,37,850,44868,44870,2.48,1.2
2026-08-12T09:48:15Z,1087,9839,29,850,44868,44870,2.25,1.2
2026-08-12T09:48:25Z,1097,9839,39,850,44868,44870,2.06,1.4
2026-08-12T09:48:35Z,1107,9839,37,850,44868,44870,1.90,1.2
2026-08-12T09:48:45Z,1117,9839,20,850,44868,44870,1.76,1.4
2026-08-12T09:48:56Z,1128,9839,36,850,44868,44870,1.64,1.2
2026-08-12T09:49:06Z,1138,9839,0,850,25489,45137,2.58,3.0
2026-08-12T09:49:16Z,1148,9839,39,850,32536,45137,2.34,6.6
2026-08-12T09:49:26Z,1158,9839,37,850,32536,45137,2.13,1.2
2026-08-12T09:49:37Z,1168,9839,33,850,32536,45137,1.96,1.3
2026-08-12T09:49:47Z,1179,9839,38,850,32537,45137,1.81,1.1
2026-08-12T09:49:57Z,1189,9839,38,850,32537,45137,1.76,1.3
2026-08-12T09:50:07Z,1199,9839,37,850,32537,45137,1.67,1.3
2026-08-12T09:50:17Z,1209,9839,36,850,32537,45137,1.57,1.2
2026-08-12T09:50:28Z,1220,9839,40,850,32537,45137,1.48,1.2
2026-08-12T09:50:38Z,1230,9839,30,850,23521,45137,3.25,13.1
2026-08-12T09:50:48Z,1240,9839,25,850,23522,45137,7.08,25.7
2026-08-12T09:50:58Z,1250,9839,30,850,23524,45137,10.91,25.8
2026-08-12T09:51:09Z,1260,9839,32,850,23525,45137,14.15,25.6
2026-08-12T09:51:19Z,1271,9839,25,850,23528,45137,14.76,23.0
2026-08-12T09:51:29Z,1281,9839,30,850,23530,45137,17.41,25.8
2026-08-12T09:51:41Z,1292,9839,31,850,23529,45137,19.66,26.6
2026-08-12T09:51:51Z,1303,9839,31,850,23530,45137,19.07,23.3
2026-08-12T09:52:01Z,1313,9839,32,850,23532,45137,21.06,25.6
2026-08-12T09:52:11Z,1323,9839,31,850,23533,45137,22.74,25.7
2026-08-12T09:52:22Z,1333,9839,27,850,23535,45137,24.17,25.7
2026-08-12T09:52:32Z,1344,9839,31,850,23538,45137,23.09,23.3
2026-08-12T09:52:42Z,1354,9839,31,850,23537,45137,22.17,25.8
2026-08-12T09:52:52Z,1364,9839,27,850,23539,45137,24.43,25.6
2026-08-12T09:53:02Z,1374,9839,30,850,23543,45137,25.59,25.9
2026-08-12T09:53:13Z,1384,9839,30,850,23543,45137,24.30,25.6
2026-08-12T09:53:23Z,1395,9839,25,850,23546,45137,25.48,23.6
2026-08-12T09:53:33Z,1405,9839,2,850,23545,45137,21.72,13.0
2026-08-12T09:53:43Z,1415,9839,2,850,23545,45137,18.53,6.3
2026-08-12T09:53:54Z,1425,9839,2,850,23545,45137,18.12,6.3
2026-08-12T09:54:04Z,1436,9839,3,850,23545,45137,15.49,5.9
2026-08-12T09:54:14Z,1446,9839,2,850,23545,45137,14.30,6.2
2026-08-12T09:54:24Z,1456,9839,3,850,23545,45137,12.25,6.5
2026-08-12T09:54:34Z,1466,9839,2,850,23545,45137,10.52,6.8
2026-08-12T09:54:45Z,1477,9839,41,850,23558,45137,11.34,4.5
2026-08-12T09:54:55Z,1487,9839,40,850,23558,45137,9.75,1.0
2026-08-12T09:55:05Z,1497,9839,37,850,30914,45137,8.49,8.8
2026-08-12T09:55:15Z,1507,9839,37,850,45700,45700,9.62,9.5
2026-08-12T09:55:26Z,1517,9839,36,850,45702,45702,8.29,1.4
2026-08-12T09:55:36Z,1528,9839,35,850,45702,45704,7.17,1.3
2026-08-12T09:55:46Z,1538,9839,18,850,45702,45704,6.22,1.1
2026-08-12T09:55:56Z,1548,9839,34,850,45702,45704,5.42,1.3
2026-08-12T09:56:06Z,1558,9839,28,850,45702,45704,4.74,1.4
2026-08-12T09:56:17Z,1569,9839,38,850,45702,45704,4.16,1.1
2026-08-12T09:56:27Z,1579,9839,40,850,45702,45704,3.68,1.3
2026-08-12T09:56:37Z,1589,9839,35,850,45702,45704,3.16,1.4
2026-08-12T09:56:48Z,1599,9839,41,850,45702,45704,2.83,1.2
2026-08-12T09:56:58Z,1610,9839,37,850,45702,45704,2.55,1.2
2026-08-12T09:57:08Z,1620,9839,35,850,45702,45704,2.31,1.4
2026-08-12T09:57:18Z,1630,9839,32,850,45702,45704,2.11,1.4
2026-08-12T09:57:28Z,1640,9839,42,850,45702,45704,1.94,1.2
2026-08-12T09:57:39Z,1650,9839,38,850,45702,45704,1.79,1.3
2026-08-12T09:57:49Z,1661,9839,36,850,45702,45704,1.67,1.3
2026-08-12T09:57:59Z,1671,9839,28,850,45702,45704,1.57,1.2
2026-08-12T09:58:09Z,1681,9839,36,850,45702,45704,1.48,1.3
2026-08-12T09:58:20Z,1691,9839,41,850,31207,45704,1.41,6.2
2026-08-12T09:58:30Z,1702,9839,34,850,34827,45704,1.34,3.1
2026-08-12T09:58:40Z,1712,9839,41,850,34829,45704,1.29,1.3
2026-08-12T09:58:50Z,1722,9839,38,850,34830,45704,1.24,1.3
2026-08-12T09:59:00Z,1732,9839,34,850,34831,45704,1.21,1.2
2026-08-12T09:59:11Z,1742,9839,33,850,34832,45704,1.17,1.3
2026-08-12T09:59:21Z,1753,9839,38,850,34833,45704,1.15,1.1
2026-08-12T09:59:31Z,1763,9839,38,850,34835,45704,1.12,1.3
2026-08-12T09:59:41Z,1773,9839,30,850,34835,45704,1.10,1.2
2026-08-12T09:59:51Z,1783,9839,30,850,27605,45704,1.09,20.7
2026-08-12T10:00:02Z,1793,9839,30,850,27605,45704,3.36,25.7
2026-08-12T10:00:12Z,1804,9839,29,850,27607,45704,5.48,23.4
2026-08-12T10:00:22Z,1814,9839,31,850,27606,45704,7.27,26.0
2026-08-12T10:00:32Z,1824,9839,30,850,27607,45704,12.83,26.0
2026-08-12T10:00:43Z,1834,9839,30,850,27608,45704,13.49,25.6
2026-08-12T10:00:53Z,1845,9839,30,850,27608,45704,16.34,23.5
2026-08-12T10:01:03Z,1855,9839,31,850,27609,45704,18.75,25.7
2026-08-12T10:01:13Z,1865,9839,30,850,27609,45704,20.79,25.7
2026-08-12T10:01:23Z,1875,9839,30,850,27609,45704,22.51,25.6
2026-08-12T10:01:34Z,1885,9839,27,850,27609,45704,23.97,25.5
2026-08-12T10:01:44Z,1896,9839,31,850,27609,45704,25.20,23.4
2026-08-12T10:01:54Z,1906,9839,31,850,27611,45704,26.25,25.7
2026-08-12T10:02:04Z,1916,9839,30,850,27609,45704,27.13,25.7
2026-08-12T10:02:15Z,1926,9839,31,850,27609,45704,27.88,25.8
2026-08-12T10:02:25Z,1937,9839,29,850,27609,45704,28.52,23.4
2026-08-12T10:02:35Z,1947,9839,31,850,27609,45704,29.05,25.7
2026-08-12T10:02:45Z,1957,9839,2,850,27609,45704,24.74,8.9
2026-08-12T10:02:55Z,1967,9839,2,850,27609,45704,23.65,6.2
2026-08-12T10:03:06Z,1978,9839,2,850,27609,45704,20.33,5.9
2026-08-12T10:03:16Z,1988,9839,2,850,27609,45704,19.84,6.2
2026-08-12T10:03:26Z,1998,9839,2,850,27609,45704,16.94,6.5
2026-08-12T10:03:36Z,2008,9839,2,850,27609,45704,15.45,6.5
2026-08-12T10:03:47Z,2018,9839,2,850,27609,45704,14.27,6.8
2026-08-12T10:03:57Z,2029,9839,37,850,27647,45704,12.23,3.4
2026-08-12T10:04:07Z,2039,9839,39,850,27647,45704,10.50,1.0
2026-08-12T10:04:17Z,2049,9839,0,850,35108,45704,13.24,9.4
2026-08-12T10:04:28Z,2059,9839,42,850,47752,47752,11.36,8.6
2026-08-12T10:04:38Z,2070,9839,36,850,47752,47752,9.84,1.2
2026-08-12T10:04:48Z,2080,9839,39,850,47752,47752,8.48,1.4
2026-08-12T10:04:58Z,2090,9839,14,850,47752,47752,7.33,1.3
2026-08-12T10:05:08Z,2100,9839,35,850,47752,47752,6.43,1.2
2026-08-12T10:05:19Z,2111,9839,31,850,47752,47754,5.59,1.3
2026-08-12T10:05:29Z,2121,9839,26,850,47752,47754,4.89,1.4
2026-08-12T10:05:39Z,2131,9839,37,850,47752,47754,4.29,1.2
2026-08-12T10:05:49Z,2141,9839,35,850,47752,47754,3.78,1.3
2026-08-12T10:06:00Z,2151,9839,38,850,47752,47754,3.35,1.4
2026-08-12T10:06:10Z,2162,9839,32,850,47752,47754,2.99,1.2
2026-08-12T10:06:20Z,2172,9839,15,850,47752,47754,2.69,1.2
2026-08-12T10:06:30Z,2182,9839,31,850,47752,47754,2.43,1.3
2026-08-12T10:06:41Z,2192,9839,38,850,47752,47754,2.21,1.4
2026-08-12T10:06:51Z,2203,9839,39,850,47752,47754,2.02,1.0
2026-08-12T10:07:01Z,2213,9839,37,850,47752,47754,4.15,1.3
2026-08-12T10:07:11Z,2223,9839,30,850,47752,47754,3.66,1.4
2026-08-12T10:07:21Z,2233,9839,0,850,28182,47754,4.37,1.7
2026-08-12T10:07:32Z,2243,9839,33,850,34868,47754,6.14,7.9
2026-08-12T10:07:42Z,2254,9839,39,850,34868,47754,5.35,1.1
2026-08-12T10:07:52Z,2264,9839,39,850,34868,47754,4.68,1.3
2026-08-12T10:08:02Z,2274,9839,38,850,34869,47754,4.11,1.2
2026-08-12T10:08:13Z,2284,9839,28,850,34869,47754,3.71,1.3
2026-08-12T10:08:24Z,2295,9839,35,850,34870,47754,3.29,1.3
2026-08-12T10:08:34Z,2306,9839,38,850,34870,47754,2.94,1.1
2026-08-12T10:08:44Z,2316,9839,31,850,34871,47754,2.64,1.3
2026-08-12T10:08:54Z,2326,9839,30,850,27450,47754,4.87,11.7
2026-08-12T10:09:04Z,2336,9839,30,850,27451,47754,9.04,25.6
2026-08-12T10:09:15Z,2346,9839,31,850,27453,47754,12.57,25.5
2026-08-12T10:09:25Z,2357,9839,30,850,27454,47754,15.56,23.3
2026-08-12T10:09:35Z,2367,9839,30,850,27457,47754,18.09,25.7
2026-08-12T10:09:45Z,2377,9839,26,850,27456,47754,15.46,25.6
2026-08-12T10:09:56Z,2387,9839,30,850,27457,47754,18.00,25.4
2026-08-12T10:10:06Z,2398,9839,32,850,27459,47754,20.16,23.4
2026-08-12T10:10:16Z,2408,9839,25,850,27458,47754,19.69,25.6
2026-08-12T10:10:26Z,2418,9839,32,850,27458,47754,21.35,25.5
2026-08-12T10:10:36Z,2428,9839,31,850,27458,47754,20.50,25.6
2026-08-12T10:10:47Z,2438,9839,26,850,27459,47754,19.86,25.6
2026-08-12T10:10:57Z,2449,9839,30,850,27460,47754,19.24,23.4
2026-08-12T10:11:07Z,2459,9839,32,850,27460,47754,21.21,25.7
2026-08-12T10:11:17Z,2469,9839,25,850,27460,47754,18.92,25.5
2026-08-12T10:11:27Z,2479,9839,32,850,27460,47754,21.90,25.8
2026-08-12T10:11:38Z,2490,9839,31,850,27461,47754,21.17,23.4
2026-08-12T10:11:48Z,2500,9839,2,850,27461,47754,18.07,18.0
2026-08-12T10:11:58Z,2510,9839,2,850,27461,47754,17.93,6.3
2026-08-12T10:12:08Z,2520,9839,2,850,27461,47754,15.32,6.2
2026-08-12T10:12:19Z,2530,9839,2,850,27461,47754,13.12,6.3
2026-08-12T10:12:29Z,2541,9839,2,850,27461,47754,11.26,5.9
2026-08-12T10:12:39Z,2551,9839,2,850,27461,47754,9.68,6.5
2026-08-12T10:12:49Z,2561,9839,2,850,27461,47754,9.30,6.5
2026-08-12T10:13:00Z,2571,9839,37,850,27611,47754,8.03,6.5
2026-08-12T10:13:10Z,2582,9839,38,850,27611,47754,6.95,0.9
2026-08-12T10:13:20Z,2592,9839,37,850,28308,47754,6.03,4.3
2026-08-12T10:13:30Z,2602,9839,42,850,45195,47754,7.61,10.7
2026-08-12T10:13:40Z,2612,9839,34,850,50554,50554,9.18,4.1
2026-08-12T10:13:51Z,2622,9839,34,850,50554,50554,7.92,1.2
2026-08-12T10:14:01Z,2633,9839,35,850,50554,50556,6.85,1.2
2026-08-12T10:14:11Z,2643,9839,38,850,50554,50556,5.95,1.4
2026-08-12T10:14:21Z,2653,9839,32,850,50554,50556,5.19,1.4
2026-08-12T10:14:32Z,2663,9839,43,850,50554,50556,4.55,1.2
2026-08-12T10:14:42Z,2674,9839,34,850,50554,50556,4.00,1.2
2026-08-12T10:14:52Z,2684,9839,28,850,50554,50556,3.54,1.4
2026-08-12T10:15:02Z,2694,9839,36,850,50554,50556,3.15,1.2
2026-08-12T10:15:12Z,2704,9839,35,850,50554,50556,2.75,1.3
2026-08-12T10:15:23Z,2715,9839,34,850,50554,50556,2.48,1.3
2026-08-12T10:15:33Z,2725,9839,41,850,50554,50556,2.25,1.2
2026-08-12T10:15:43Z,2735,9839,27,850,50554,50556,2.22,1.3
2026-08-12T10:15:53Z,2745,9839,25,850,50554,50556,2.03,1.4
2026-08-12T10:16:04Z,2755,9839,31,850,50554,50556,4.36,1.4
2026-08-12T10:16:14Z,2766,9839,51,850,50554,50556,3.84,1.1
2026-08-12T10:16:24Z,2776,9839,34,850,50554,50556,3.40,1.3
2026-08-12T10:16:34Z,2786,9839,41,850,31047,50556,2.95,4.0
2026-08-12T10:16:45Z,2796,9839,39,850,36579,50556,2.73,5.6
2026-08-12T10:16:55Z,2807,9839,41,850,36579,50556,2.46,1.1
2026-08-12T10:17:05Z,2817,9839,38,850,36580,50556,2.23,1.3
2026-08-12T10:17:15Z,2827,9839,44,850,36581,50556,2.04,1.3
2026-08-12T10:17:25Z,2837,9839,32,850,36582,50556,1.88,1.2
2026-08-12T10:17:36Z,2847,9839,35,850,36583,50556,1.75,1.3
2026-08-12T10:17:46Z,2858,9839,38,850,36584,50556,1.63,1.1
2026-08-12T10:17:56Z,2868,9839,40,850,36585,50556,1.53,1.3
2026-08-12T10:18:06Z,2878,9839,30,850,27054,50556,3.93,13.3
2026-08-12T10:18:17Z,2888,9839,30,850,27055,50556,5.97,25.4
2026-08-12T10:18:27Z,2899,9839,32,850,27057,50556,7.68,23.2
2026-08-12T10:18:37Z,2909,9839,30,850,27058,50556,9.14,25.5
2026-08-12T10:18:47Z,2919,9839,30,850,27058,50556,12.65,25.6
2026-08-12T10:18:57Z,2929,9839,30,850,27059,50556,15.66,25.7
2026-08-12T10:19:08Z,2940,9839,31,850,27059,50556,18.18,23.4
2026-08-12T10:19:18Z,2950,9839,31,850,27060,50556,20.30,25.8
2026-08-12T10:19:28Z,2960,9839,30,850,27061,50556,22.10,25.8
2026-08-12T10:19:38Z,2970,9839,32,850,27062,50556,20.26,25.8
2026-08-12T10:19:49Z,2980,9839,31,850,27062,50556,19.51,25.6
2026-08-12T10:19:59Z,2991,9839,32,850,27062,50556,18.94,23.2
2026-08-12T10:20:09Z,3001,9839,32,850,27064,50556,20.95,25.7
2026-08-12T10:20:19Z,3011,9839,33,850,27062,50556,22.65,25.6
2026-08-12T10:20:30Z,3021,9839,30,850,27062,50556,21.80,25.8
2026-08-12T10:20:40Z,3032,9839,31,850,27062,50556,23.37,23.3
2026-08-12T10:20:50Z,3042,9839,27,850,27062,50556,24.70,25.6
2026-08-12T10:21:00Z,3052,9839,2,850,27062,50556,23.34,16.6
2026-08-12T10:21:10Z,3062,9839,2,850,27062,50556,19.90,6.2
2026-08-12T10:21:21Z,3072,9839,2,850,27062,50556,17.00,6.2
2026-08-12T10:21:31Z,3083,9839,2,850,27062,50556,15.50,5.7
2026-08-12T10:21:41Z,3093,9839,2,850,27062,50556,15.83,6.5
2026-08-12T10:21:51Z,3103,9839,2,850,27062,50556,13.55,6.5
2026-08-12T10:22:02Z,3113,9839,2,850,27062,50556,13.90,6.5
2026-08-12T10:22:12Z,3124,9839,37,850,27061,50556,14.40,5.6
2026-08-12T10:22:22Z,3134,9839,38,850,27061,50556,12.34,1.0
2026-08-12T10:22:32Z,3144,9839,41,850,28578,50556,10.60,5.5
2026-08-12T10:22:42Z,3154,9839,39,850,44869,50556,11.41,9.7
2026-08-12T10:22:53Z,3164,9839,39,850,50928,50928,9.17,4.3
2026-08-12T10:23:03Z,3175,9839,41,850,50928,50930,7.91,1.1
2026-08-12T10:23:13Z,3185,9839,37,850,50928,50930,6.85,1.3
2026-08-12T10:23:23Z,3195,9839,38,850,50928,50930,5.95,1.4
2026-08-12T10:23:34Z,3205,9839,38,850,50928,50930,5.19,1.2
2026-08-12T10:23:44Z,3216,9839,36,850,50928,50930,4.76,1.2
2026-08-12T10:23:54Z,3226,9839,39,850,50928,50930,4.18,1.4
2026-08-12T10:24:04Z,3236,9839,33,850,50928,50930,3.69,1.4
2026-08-12T10:24:14Z,3246,9839,36,850,50928,50930,3.28,1.2
2026-08-12T10:24:25Z,3256,9839,34,850,50928,50930,2.93,1.3
2026-08-12T10:24:35Z,3267,9839,35,850,50928,50930,2.63,1.3
2026-08-12T10:24:45Z,3277,9839,37,850,50928,50930,2.62,1.2
2026-08-12T10:24:55Z,3287,9839,39,850,50928,50930,2.37,1.3
2026-08-12T10:25:06Z,3297,9839,44,850,50928,50930,2.16,1.4
2026-08-12T10:25:16Z,3308,9839,36,850,50928,50930,1.98,1.1
2026-08-12T10:25:26Z,3318,9839,37,850,50928,50930,1.83,1.3
2026-08-12T10:25:36Z,3328,9839,39,850,50928,50930,1.70,1.4
2026-08-12T10:25:46Z,3338,9839,0,850,27645,50930,2.15,1.8
2026-08-12T10:25:57Z,3348,9839,26,850,34212,50930,1.90,7.7
2026-08-12T10:26:07Z,3359,9839,33,850,34212,50930,1.76,1.1
2026-08-12T10:26:17Z,3369,9839,38,850,34212,50930,1.64,1.3
2026-08-12T10:26:27Z,3379,9839,40,850,34213,50930,1.55,1.2
2026-08-12T10:26:38Z,3389,9839,39,850,34213,50930,1.50,1.3
2026-08-12T10:26:48Z,3400,9839,37,850,34213,50930,1.43,1.1
2026-08-12T10:26:58Z,3410,9839,38,850,34213,50930,1.36,1.3
2026-08-12T10:27:08Z,3420,9839,31,850,34213,50930,1.38,1.2
2026-08-12T10:27:19Z,3430,9839,31,850,27912,50930,3.81,5.9
2026-08-12T10:27:29Z,3441,9839,31,850,27912,50930,8.14,22.9
2026-08-12T10:27:39Z,3451,9839,30,850,27912,50930,11.81,25.5
2026-08-12T10:27:49Z,3461,9839,31,850,27912,50930,12.43,25.5
2026-08-12T10:27:59Z,3471,9839,32,850,27915,50930,13.16,25.5
2026-08-12T10:28:10Z,3481,9839,30,850,27914,50930,16.06,25.5
2026-08-12T10:28:20Z,3492,9839,30,850,27915,50930,18.51,23.2
2026-08-12T10:28:30Z,3502,9839,32,850,27916,50930,18.30,25.6
2026-08-12T10:28:40Z,3512,9839,31,850,27917,50930,18.12,25.4
2026-08-12T10:28:51Z,3522,9839,32,850,27918,50930,17.97,25.7
2026-08-12T10:29:01Z,3533,9839,32,850,27920,50930,17.84,23.3
2026-08-12T10:29:11Z,3543,9839,30,850,27921,50930,17.54,25.6
2026-08-12T10:29:21Z,3553,9839,31,850,27919,50930,19.76,25.6
2026-08-12T10:29:31Z,3563,9839,30,850,27922,50930,21.64,25.6
2026-08-12T10:29:42Z,3573,9839,30,850,27922,50930,20.75,25.5
2026-08-12T10:29:52Z,3584,9839,30,850,27921,50930,22.48,23.2
2026-08-12T10:30:02Z,3594,9839,28,850,27921,50930,23.95,25.6
2026-08-12T10:30:12Z,3604,9839,2,850,26816,50930,22.70,23.9
2026-08-12T10:30:23Z,3614,9839,2,850,26816,50930,20.18,6.2
2026-08-12T10:30:33Z,3625,9839,2,850,26816,50930,20.11,5.7
2026-08-12T10:30:43Z,3635,9839,2,850,26816,50930,18.13,6.3
2026-08-12T10:30:53Z,3645,9839,2,850,26816,50930,17.78,6.3
2026-08-12T10:31:04Z,3655,9839,2,850,26816,50930,15.20,6.5
2026-08-12T10:31:14Z,3666,9839,3,850,26816,50930,13.02,5.9
2026-08-12T10:31:24Z,3676,9839,8,850,26834,50930,11.17,8.4
2026-08-12T10:31:34Z,3686,9839,39,850,26834,50930,9.60,1.0
2026-08-12T10:31:44Z,3696,9839,39,850,26840,50930,8.28,2.2
2026-08-12T10:31:55Z,3706,9839,39,850,39954,50930,9.64,10.3
2026-08-12T10:32:05Z,3717,9839,39,850,50585,50930,8.31,6.2
2026-08-12T10:32:15Z,3727,9839,30,850,50585,50930,7.19,1.3
2026-08-12T10:32:25Z,3737,9839,34,850,50585,50930,6.24,1.4
2026-08-12T10:32:36Z,3747,9839,38,850,50585,50930,5.43,1.2
2026-08-12T10:32:46Z,3758,9839,40,850,50585,50930,4.75,1.2
2026-08-12T10:32:56Z,3768,9839,38,850,50585,50930,4.17,1.4
2026-08-12T10:33:06Z,3778,9839,36,850,50585,50930,3.68,1.2
2026-08-12T10:33:17Z,3788,9839,37,850,50585,50930,3.27,1.3
2026-08-12T10:33:27Z,3799,9839,38,850,50585,50930,2.92,1.3
2026-08-12T10:33:37Z,3809,9839,39,850,50585,50930,2.63,1.2
2026-08-12T10:33:47Z,3819,9839,32,850,50585,50930,2.38,1.3
2026-08-12T10:33:58Z,3829,9839,31,850,50585,50930,2.15,1.4
2026-08-12T10:34:08Z,3840,9839,36,850,50585,50930,1.97,1.0
2026-08-12T10:34:18Z,3850,9839,38,850,50585,50930,1.82,1.3
2026-08-12T10:34:28Z,3860,9839,38,850,50585,50930,1.77,1.4
2026-08-12T10:34:38Z,3870,9839,40,850,50585,50930,1.65,1.2
2026-08-12T10:34:49Z,3880,9839,28,850,50585,50930,1.55,1.3
2026-08-12T10:34:59Z,3891,9839,28,850,50585,50930,1.47,1.3
2026-08-12T10:35:09Z,3901,9839,0,850,38257,50930,1.39,1.9
2026-08-12T10:35:19Z,3911,9839,38,850,34929,50930,3.81,7.7
2026-08-12T10:35:30Z,3921,9839,38,850,34931,50930,3.38,1.3
2026-08-12T10:35:40Z,3932,9839,37,850,34931,50930,3.02,1.1
2026-08-12T10:35:50Z,3942,9839,40,850,34933,50930,2.70,1.3
2026-08-12T10:36:00Z,3952,9839,24,850,34933,50930,2.44,1.2
2026-08-12T10:36:11Z,3962,9839,37,850,34933,50930,2.22,1.3
2026-08-12T10:36:21Z,3973,9839,39,850,34934,50930,2.03,1.2
2026-08-12T10:36:32Z,3983,9839,39,850,34934,50930,1.87,1.2
2026-08-12T10:36:42Z,3994,9839,29,850,26677,50930,1.74,5.6
2026-08-12T10:36:53Z,4004,9839,30,850,26678,50930,6.39,25.3
2026-08-12T10:37:03Z,4015,9839,30,850,26678,50930,9.66,23.0
2026-08-12T10:37:13Z,4025,9839,30,850,26679,50930,10.61,25.3
2026-08-12T10:37:23Z,4035,9839,25,850,26680,50930,13.90,25.1
2026-08-12T10:37:33Z,4045,9839,29,850,26682,50930,16.69,25.3
2026-08-12T10:37:44Z,4055,9839,31,850,26681,50930,19.04,25.3
2026-08-12T10:37:54Z,4066,9839,31,850,26681,50930,18.75,23.0
2026-08-12T10:38:04Z,4076,9839,31,850,26684,50930,18.50,25.4
2026-08-12T10:38:14Z,4086,9839,31,850,26682,50930,20.58,25.2
2026-08-12T10:38:25Z,4096,9839,30,850,26682,50930,22.34,25.3
2026-08-12T10:38:35Z,4107,9839,25,850,26682,50930,23.82,22.9
2026-08-12T10:38:45Z,4117,9839,31,850,26682,50930,22.80,25.3
2026-08-12T10:38:56Z,4127,9839,29,850,26682,50930,21.93,26.0
2026-08-12T10:39:06Z,4138,9839,29,850,26683,50930,23.48,23.0
2026-08-12T10:39:16Z,4148,9839,31,850,26683,50930,24.86,25.4
2026-08-12T10:39:26Z,4158,9839,30,850,26685,50930,25.96,25.5
2026-08-12T10:39:36Z,4168,9839,32,850,26683,50930,26.89,25.4
2026-08-12T10:39:47Z,4178,9839,2,850,26683,50930,22.91,7.0
2026-08-12T10:39:57Z,4189,9839,2,850,26683,50930,20.50,5.9
2026-08-12T10:40:07Z,4199,9839,2,850,26683,50930,17.50,6.3
2026-08-12T10:40:18Z,4209,9839,2,850,26683,50930,16.00,6.2
2026-08-12T10:40:28Z,4220,9839,2,850,26683,50930,12.76,5.9
2026-08-12T10:40:38Z,4230,9839,2,850,26683,50930,10.95,6.5
2026-08-12T10:40:48Z,4240,9839,2,850,26683,50930,11.70,7.0
2026-08-12T10:40:58Z,4250,9839,35,850,26761,50930,10.06,2.9
2026-08-12T10:41:09Z,4260,9839,37,850,26761,50930,8.66,1.0
2026-08-12T10:41:19Z,4271,9839,4,850,34431,50930,9.77,8.3
2026-08-12T10:41:29Z,4281,9839,33,850,48523,50930,10.70,9.1
2026-08-12T10:41:39Z,4291,9839,33,850,48523,50930,9.37,1.3
2026-08-12T10:41:50Z,4301,9839,26,850,48523,50930,8.08,1.4
2026-08-12T10:42:00Z,4312,9839,38,850,48523,50930,7.00,1.0
2026-08-12T10:42:10Z,4322,9839,36,850,48522,50930,6.07,1.3
2026-08-12T10:42:20Z,4332,9839,42,850,48522,50930,5.29,1.4
2026-08-12T10:42:31Z,4342,9839,31,850,48523,50930,4.63,1.4
2026-08-12T10:42:41Z,4353,9839,29,850,48523,50930,4.07,1.1
2026-08-12T10:42:51Z,4363,9839,35,850,48522,50930,3.75,1.3
2026-08-12T10:43:01Z,4373,9839,35,850,48523,50930,3.33,1.4
2026-08-12T10:43:11Z,4383,9839,35,850,48522,50930,2.97,1.4
2026-08-12T10:43:22Z,4393,9839,48,850,48522,50930,2.66,1.2
2026-08-12T10:43:32Z,4404,9839,39,850,48522,50930,2.48,1.2
2026-08-12T10:43:42Z,4414,9839,34,850,48523,50930,2.25,1.4
2026-08-12T10:43:52Z,4424,9839,34,850,48523,50930,2.06,1.2
2026-08-12T10:44:03Z,4434,9839,36,850,48522,50930,1.90,1.3
2026-08-12T10:44:13Z,4445,9839,37,850,48523,50930,1.78,1.3
2026-08-12T10:44:23Z,4455,9839,0,850,30271,50930,1.65,1.7
2026-08-12T10:44:33Z,4465,9839,38,850,36025,50930,1.55,7.4
2026-08-12T10:44:44Z,4475,9839,40,850,36027,50930,1.47,1.3
2026-08-12T10:44:54Z,4486,9839,37,850,36027,50930,1.39,1.1
2026-08-12T10:45:04Z,4496,9839,39,850,36027,50930,1.33,1.3
2026-08-12T10:45:14Z,4506,9839,16,850,36028,50930,1.28,1.3
2026-08-12T10:45:24Z,4516,9839,38,850,36028,50930,1.24,1.2
2026-08-12T10:45:35Z,4526,9839,37,850,36028,50930,1.20,1.3
2026-08-12T10:45:45Z,4537,9839,37,850,36028,50930,1.17,1.1
2026-08-12T10:45:55Z,4547,9839,31,850,29322,50930,1.14,5.1
2026-08-12T10:46:05Z,4557,9839,29,850,29322,50930,5.89,24.9
2026-08-12T10:46:16Z,4567,9839,30,850,29323,50930,7.42,25.0
2026-08-12T10:46:26Z,4578,9839,29,850,29325,50930,8.51,22.7
2026-08-12T10:46:36Z,4588,9839,30,850,29323,50930,12.12,24.9
2026-08-12T10:46:46Z,4598,9839,31,850,29323,50930,15.18,25.1
2026-08-12T10:46:57Z,4608,9839,26,850,29324,50930,17.76,25.0
2026-08-12T10:47:07Z,4619,9839,27,850,29324,50930,19.95,22.7
2026-08-12T10:47:17Z,4629,9839,30,850,29324,50930,21.81,25.2
2026-08-12T10:47:27Z,4639,9839,30,850,29324,50930,23.37,25.0
2026-08-12T10:47:38Z,4649,9839,29,850,29326,50930,24.70,25.1
2026-08-12T10:47:48Z,4660,9839,30,850,29327,50930,23.54,22.6
2026-08-12T10:47:58Z,4670,9839,27,850,29325,50930,25.49,24.8
2026-08-12T10:48:08Z,4680,9839,30,850,29325,50930,26.49,24.8
2026-08-12T10:48:18Z,4690,9839,30,850,29325,50930,25.06,25.1
2026-08-12T10:48:29Z,4700,9839,29,850,29325,50930,26.12,25.0
2026-08-12T10:48:39Z,4711,9839,30,850,29325,50930,27.03,22.6
2026-08-12T10:48:49Z,4721,9839,30,850,29325,50930,27.79,25.2
2026-08-12T10:48:59Z,4731,9839,2,850,29325,50930,27.00,13.6
2026-08-12T10:49:10Z,4741,9839,2,850,29325,50930,23.00,6.3
2026-08-12T10:49:20Z,4752,9839,2,850,29325,50930,19.62,5.7
2026-08-12T10:49:30Z,4762,9839,2,850,29325,50930,19.24,6.5
2026-08-12T10:49:40Z,4772,9839,3,850,29325,50930,16.43,6.3
2026-08-12T10:49:51Z,4782,9839,2,850,29325,50930,15.02,6.5
2026-08-12T10:50:01Z,4793,9839,2,850,29325,50930,12.86,6.2
2026-08-12T10:50:11Z,4803,9839,39,850,29367,50930,13.32,5.3
2026-08-12T10:50:21Z,4813,9839,38,850,29367,50930,11.43,1.0
2026-08-12T10:50:32Z,4823,9839,0,850,31697,50930,9.82,6.6
2026-08-12T10:50:42Z,4834,9839,0,850,45973,50930,8.47,9.2
2026-08-12T10:50:52Z,4844,9839,37,850,48223,50930,7.32,2.6
2026-08-12T10:51:02Z,4854,9839,33,850,48223,50930,6.35,1.2
2026-08-12T10:51:13Z,4864,9839,34,850,48223,50930,5.52,1.3
2026-08-12T10:51:23Z,4875,9839,34,850,48223,50930,4.83,1.3
2026-08-12T10:51:33Z,4885,9839,34,850,48223,50930,4.14,1.4
2026-08-12T10:51:43Z,4895,9839,40,850,48223,50930,3.66,1.2
2026-08-12T10:51:53Z,4905,9839,34,850,48223,50930,3.25,1.3
2026-08-12T10:52:04Z,4915,9839,27,850,48223,50930,2.90,1.4
2026-08-12T10:52:14Z,4926,9839,36,850,48223,50930,2.61,1.1
2026-08-12T10:52:24Z,4936,9839,36,850,48223,50930,2.36,1.3
2026-08-12T10:52:34Z,4946,9839,35,850,48223,50930,2.15,1.4
2026-08-12T10:52:45Z,4956,9839,33,850,48223,50930,1.97,1.3
2026-08-12T10:52:55Z,4967,9839,40,850,48223,50930,1.82,1.1
2026-08-12T10:53:05Z,4977,9839,40,850,48223,50930,1.70,1.4
2026-08-12T10:53:15Z,4987,9839,35,850,48223,50930,1.59,1.4
2026-08-12T10:53:26Z,4997,9839,47,850,48223,50930,1.50,1.2
2026-08-12T10:53:36Z,5008,9839,36,850,48223,50930,1.42,1.2
2026-08-12T10:53:46Z,5018,9839,41,850,26394,50930,1.28,4.0
2026-08-12T10:53:56Z,5028,9839,36,850,33389,50930,3.52,5.7
2026-08-12T10:54:06Z,5038,9839,40,850,33390,50930,3.13,1.2
2026-08-12T10:54:17Z,5049,9839,37,850,33392,50930,2.80,1.2
2026-08-12T10:54:27Z,5059,9839,31,850,33393,50930,2.52,1.2
2026-08-12T10:54:37Z,5069,9839,35,850,33395,50930,2.29,1.3
2026-08-12T10:54:48Z,5079,9839,43,850,33397,50930,2.09,1.3
2026-08-12T10:54:58Z,5090,9839,33,850,33398,50930,1.92,1.1
2026-08-12T10:55:08Z,5100,9839,40,850,33400,50930,1.87,1.3
2026-08-12T10:55:18Z,5110,9839,32,850,26551,50930,4.38,11.0
2026-08-12T10:55:28Z,5120,9839,31,850,26551,50930,6.34,25.8
2026-08-12T10:55:39Z,5130,9839,31,850,26553,50930,10.36,25.7
2026-08-12T10:55:49Z,5141,9839,32,850,26552,50930,8.92,23.4
2026-08-12T10:55:59Z,5151,9839,31,850,26552,50930,10.06,26.2
2026-08-12T10:56:10Z,5161,9839,30,850,26552,50930,10.95,26.0
2026-08-12T10:56:20Z,5172,9839,30,850,26552,50930,14.19,23.4
2026-08-12T10:56:30Z,5182,9839,29,850,26552,50930,16.93,25.7
2026-08-12T10:56:40Z,5192,9839,32,850,26555,50930,14.48,25.4
2026-08-12T10:56:50Z,5202,9839,32,850,26554,50930,15.34,25.9
2026-08-12T10:57:01Z,5212,9839,26,850,26554,50930,17.90,25.8
2026-08-12T10:57:11Z,5223,9839,31,850,26554,50930,15.54,23.4
2026-08-12T10:57:21Z,5233,9839,32,850,26555,50930,18.07,26.0
2026-08-12T10:57:31Z,5243,9839,32,850,26555,50930,20.21,25.7
2026-08-12T10:57:42Z,5253,9839,32,850,26555,50930,19.74,25.9
2026-08-12T10:57:52Z,5264,9839,25,850,26557,50930,19.34,23.4
2026-08-12T10:58:02Z,5274,9839,31,850,26555,50930,21.29,25.9
2026-08-12T10:58:12Z,5284,9839,2,850,26555,50930,21.49,15.6
2026-08-12T10:58:23Z,5294,9839,2,850,26555,50930,18.34,6.3
2026-08-12T10:58:33Z,5305,9839,2,850,26555,50930,16.63,5.7
2026-08-12T10:58:43Z,5315,9839,2,850,26555,50930,16.69,6.3
2026-08-12T10:58:53Z,5325,9839,2,850,26555,50930,15.32,6.4
2026-08-12T10:59:03Z,5335,9839,2,850,26555,50930,13.12,6.5
2026-08-12T10:59:14Z,5345,9839,2,850,26555,50930,11.25,6.5
2026-08-12T10:59:24Z,5356,9839,37,850,26603,50930,9.68,5.4
2026-08-12T10:59:34Z,5366,9839,39,850,26603,50930,8.34,1.0
2026-08-12T10:59:44Z,5376,9839,9,850,29729,50930,7.21,6.3
2026-08-12T10:59:55Z,5386,9839,22,850,44071,50930,8.54,9.4
2026-08-12T11:00:05Z,5397,9839,37,850,48359,50930,7.38,3.4
2026-08-12T11:00:15Z,5407,9839,41,850,48359,50930,6.40,1.2
2026-08-12T11:00:25Z,5417,9839,33,850,48359,50930,5.57,1.4
2026-08-12T11:00:35Z,5427,9839,29,850,48359,50930,4.87,1.3
2026-08-12T11:00:46Z,5437,9839,37,850,48359,50930,4.27,1.4
2026-08-12T11:00:56Z,5448,9839,37,850,48359,50930,3.77,1.1
2026-08-12T11:01:06Z,5458,9839,37,850,48359,50930,3.34,1.3
2026-08-12T11:01:16Z,5468,9839,33,850,48359,50930,2.98,1.4
2026-08-12T11:01:27Z,5478,9839,31,850,48359,50930,2.68,1.4
2026-08-12T11:01:37Z,5489,9839,39,850,48359,50930,2.42,1.1
2026-08-12T11:01:47Z,5499,9839,37,850,48359,50930,2.20,1.3
2026-08-12T11:01:57Z,5509,9839,37,850,48359,50930,2.02,1.4
2026-08-12T11:02:07Z,5519,9839,39,850,48359,50930,1.94,1.2
2026-08-12T11:02:18Z,5529,9839,37,850,48359,50930,1.79,1.3
2026-08-12T11:02:28Z,5540,9839,43,850,48359,50930,4.15,1.3
2026-08-12T11:02:38Z,5550,9839,25,850,48359,50930,3.54,1.4
2026-08-12T11:02:48Z,5560,9839,1,850,48359,50930,3.15,1.4
2026-08-12T11:02:58Z,5570,9839,12,850,30477,50930,5.10,6.0
2026-08-12T11:03:09Z,5580,9839,39,850,33706,50930,5.03,3.4
2026-08-12T11:03:19Z,5591,9839,39,850,33707,50930,4.41,1.1
2026-08-12T11:03:29Z,5601,9839,37,850,33707,50930,3.89,1.3
2026-08-12T11:03:39Z,5611,9839,44,850,33707,50930,3.44,1.2
2026-08-12T11:03:50Z,5621,9839,35,850,33708,50930,3.06,1.3
2026-08-12T11:04:00Z,5632,9839,39,850,33708,50930,2.75,1.1
2026-08-12T11:04:10Z,5642,9839,36,850,33709,50930,2.48,1.3
2026-08-12T11:04:20Z,5652,9839,32,850,33709,50930,2.25,1.2
2026-08-12T11:04:30Z,5662,9839,30,850,26449,50930,4.54,23.5
2026-08-12T11:04:41Z,5672,9839,31,850,26447,50930,8.76,25.3
2026-08-12T11:04:51Z,5683,9839,31,850,26447,50930,10.05,23.1
2026-08-12T11:05:01Z,5693,9839,32,850,26448,50930,11.14,25.3
2026-08-12T11:05:11Z,5703,9839,27,850,26449,50930,14.42,25.4
2026-08-12T11:05:22Z,5713,9839,30,850,26448,50930,14.84,25.4
2026-08-12T11:05:32Z,5724,9839,30,850,26448,50930,15.20,23.2
2026-08-12T11:05:42Z,5734,9839,31,850,26448,50930,13.01,25.2
2026-08-12T11:05:52Z,5744,9839,32,850,26449,50930,15.93,25.3
2026-08-12T11:06:02Z,5754,9839,31,850,26448,50930,16.12,25.4
2026-08-12T11:06:13Z,5764,9839,31,850,26449,50930,18.56,25.4
2026-08-12T11:06:23Z,5775,9839,23,850,26449,50930,20.63,23.0
2026-08-12T11:06:33Z,5785,9839,32,850,26448,50930,20.82,25.3
2026-08-12T11:06:43Z,5795,9839,30,850,26448,50930,20.06,25.4
2026-08-12T11:06:54Z,5805,9839,30,850,26448,50930,19.41,25.4
2026-08-12T11:07:04Z,5816,9839,28,850,26449,50930,18.87,23.0
2026-08-12T11:07:14Z,5826,9839,31,850,26447,50930,18.40,25.4
2026-08-12T11:07:24Z,5836,9839,3,850,26448,50930,15.73,12.2
2026-08-12T11:07:35Z,5846,9839,2,850,26447,50930,13.70,6.2
2026-08-12T11:07:45Z,5857,9839,2,850,26447,50930,13.99,5.7
2026-08-12T11:07:55Z,5867,9839,2,850,26447,50930,11.99,6.5
2026-08-12T11:08:05Z,5877,9839,2,850,26448,50930,12.58,6.2
2026-08-12T11:08:15Z,5887,9839,2,850,26448,50930,10.80,6.5
2026-08-12T11:08:26Z,5897,9839,2,850,26448,50930,9.30,6.8
2026-08-12T11:08:36Z,5908,9839,38,850,26563,50930,8.02,4.4
2026-08-12T11:08:46Z,5918,9839,37,850,26563,50930,6.94,1.0
2026-08-12T11:08:56Z,5928,9839,34,850,33466,50930,8.51,8.7
2026-08-12T11:09:07Z,5938,9839,38,850,50420,50930,9.64,9.6
2026-08-12T11:09:17Z,5949,9839,40,850,50424,50930,8.31,1.3
2026-08-12T11:09:27Z,5959,9839,32,850,50424,50930,7.19,1.4
2026-08-12T11:09:37Z,5969,9839,36,850,50424,50930,6.23,1.2
2026-08-12T11:09:48Z,5979,9839,41,850,50424,50930,5.43,1.3
2026-08-12T11:09:58Z,5990,9839,37,850,50423,50930,4.75,1.3
2026-08-12T11:10:08Z,6000,9839,39,850,50424,50930,4.17,1.2
2026-08-12T11:10:18Z,6010,9839,42,850,50424,50930,3.62,1.3
2026-08-12T11:10:29Z,6020,9839,33,850,50424,50930,3.21,1.4
2026-08-12T11:10:39Z,6031,9839,39,850,50424,50930,2.87,1.1
2026-08-12T11:10:49Z,6041,9839,38,850,50424,50930,2.58,1.3
2026-08-12T11:10:59Z,6051,9839,32,850,50424,50930,2.34,1.4
2026-08-12T11:11:09Z,6061,9839,34,850,50424,50930,2.13,1.4
2026-08-12T11:11:20Z,6071,9839,40,850,50424,50930,1.96,1.0
2026-08-12T11:11:30Z,6082,9839,44,850,50424,50930,1.81,1.3
2026-08-12T11:11:40Z,6092,9839,34,850,50424,50930,1.69,1.4
2026-08-12T11:11:50Z,6102,9839,33,850,50424,50930,1.58,1.2
2026-08-12T11:12:01Z,6112,9839,37,850,50424,50930,1.49,1.3
2026-08-12T11:12:11Z,6123,9839,31,850,28948,50930,4.49,4.0
2026-08-12T11:12:21Z,6133,9839,37,850,35062,50930,3.95,5.3
2026-08-12T11:12:31Z,6143,9839,38,850,35063,50930,3.50,1.3
2026-08-12T11:12:42Z,6153,9839,40,850,35063,50930,3.11,1.2
2026-08-12T11:12:52Z,6164,9839,32,850,35064,50930,2.79,1.2
2026-08-12T11:13:02Z,6174,9839,39,850,35064,50930,2.51,1.2
2026-08-12T11:13:12Z,6184,9839,39,850,35066,50930,2.28,1.3
2026-08-12T11:13:22Z,6194,9839,40,850,35067,50930,2.08,1.2
2026-08-12T11:13:33Z,6204,9839,42,850,35068,50930,1.91,1.3
2026-08-12T11:13:43Z,6215,9839,32,850,26096,50930,4.26,13.3
2026-08-12T11:13:53Z,6225,9839,32,850,26096,50930,10.47,26.5
2026-08-12T11:14:04Z,6235,9839,30,850,26096,50930,11.50,25.5
2026-08-12T11:14:14Z,6246,9839,31,850,26096,50930,14.65,23.0
2026-08-12T11:14:24Z,6256,9839,30,850,26098,50930,16.68,25.4
2026-08-12T11:14:34Z,6266,9839,32,850,26096,50930,17.83,25.6
2026-08-12T11:14:45Z,6276,9839,24,850,26096,50930,17.53,25.4
2026-08-12T11:14:55Z,6287,9839,29,850,26096,50930,19.75,23.2
2026-08-12T11:15:05Z,6297,9839,30,850,26096,50930,19.15,25.5
2026-08-12T11:15:15Z,6307,9839,27,850,26098,50930,16.95,25.5
2026-08-12T11:15:25Z,6317,9839,32,850,26096,50930,14.50,25.5
2026-08-12T11:15:36Z,6327,9839,31,850,26096,50930,17.19,25.5
2026-08-12T11:15:46Z,6338,9839,31,850,26096,50930,17.18,23.1
2026-08-12T11:15:56Z,6348,9839,30,850,26096,50930,19.46,25.3
2026-08-12T11:16:06Z,6358,9839,29,850,26096,50930,21.39,25.5
2026-08-12T11:16:17Z,6368,9839,30,850,26096,50930,23.02,25.5
2026-08-12T11:16:27Z,6379,9839,21,850,26096,50930,23.89,23.1
2026-08-12T11:16:37Z,6389,9839,2,850,25715,50930,22.14,16.9
2026-08-12T11:16:47Z,6399,9839,2,850,25715,50930,21.17,6.3
2026-08-12T11:16:57Z,6409,9839,2,850,25715,50930,20.55,6.2
2026-08-12T11:17:08Z,6419,9839,2,850,25715,50930,18.50,6.2
2026-08-12T11:17:18Z,6430,9839,2,850,25715,50930,16.85,5.9
2026-08-12T11:17:28Z,6440,9839,2,850,25715,50930,13.42,6.5
2026-08-12T11:17:39Z,6450,9839,2,850,25715,50930,11.51,6.5
2026-08-12T11:17:49Z,6461,9839,38,850,25832,50930,9.89,5.7
2026-08-12T11:17:59Z,6471,9839,36,850,25832,50930,8.53,1.0
2026-08-12T11:18:09Z,6481,9839,42,850,28153,50930,9.85,5.6
2026-08-12T11:18:19Z,6491,9839,37,850,43116,50930,10.77,9.8
2026-08-12T11:18:30Z,6501,9839,36,850,48406,50930,9.27,4.2
2026-08-12T11:18:40Z,6512,9839,35,850,48406,50930,8.00,1.0
2026-08-12T11:18:50Z,6522,9839,35,850,48406,50930,6.92,1.3
2026-08-12T11:19:00Z,6532,9839,38,850,48406,50930,6.01,1.4
2026-08-12T11:19:11Z,6542,9839,30,850,48406,50930,5.24,1.4
2026-08-12T11:19:21Z,6553,9839,41,850,48406,50930,4.59,0.9
2026-08-12T11:19:31Z,6563,9839,34,850,48406,50930,4.04,1.4
2026-08-12T11:19:41Z,6573,9839,30,850,48406,50930,3.57,1.4
2026-08-12T11:19:51Z,6583,9839,39,850,48406,50930,3.17,1.2
2026-08-12T11:20:02Z,6593,9839,35,850,48406,50930,2.84,1.3
2026-08-12T11:20:12Z,6604,9839,38,850,48406,50930,2.56,1.3
2026-08-12T11:20:22Z,6614,9839,38,850,48406,50930,2.32,1.2
2026-08-12T11:20:32Z,6624,9839,31,850,48406,50930,2.11,1.3
2026-08-12T11:20:43Z,6634,9839,29,850,48406,50930,1.94,1.4
2026-08-12T11:20:53Z,6645,9839,9,850,48406,50930,1.80,1.3
2026-08-12T11:21:03Z,6655,9839,38,850,48406,50930,1.67,1.0
2026-08-12T11:21:13Z,6665,9839,36,850,48406,50930,5.40,1.4
2026-08-12T11:21:23Z,6675,9839,12,850,26633,50930,7.21,11.4
